,lang_code,lang_url,main_page
0,en,/wiki/Main_Page,Main_Page
1,ceb,https://ceb.wikipedia.org/wiki/,Unang_Panid
2,sv,https://sv.wikipedia.org/wiki/,Portal:Huvudsida
3,de,https://de.wikipedia.org/wiki/,Wikipedia:Hauptseite
4,fr,https://fr.wikipedia.org/wiki/,WikipÃ©dia:Accueil_principal
5,nl,https://nl.wikipedia.org/wiki/,Hoofdpagina
6,ru,https://ru.wikipedia.org/wiki/,Ğ—Ğ°Ğ³Ğ»Ğ°Ğ²Ğ½Ğ°Ñ_ÑÑ‚Ñ€Ğ°Ğ½Ğ¸Ñ†Ğ°
7,it,https://it.wikipedia.org/wiki/,Pagina_principale
8,es,https://es.wikipedia.org/wiki/,Wikipedia:Portada
9,pl,https://pl.wikipedia.org/wiki/,Wikipedia:Strona_gÅ‚Ã³wna
10,arz,https://arz.wikipedia.org/wiki/,Ø§Ù„ØµÙØ­Ù‡_Ø§Ù„Ø±Ø¦ÙŠØ³ÙŠÙ‡
11,ja,https://ja.wikipedia.org/wiki/,ãƒ¡ã‚¤ãƒ³ãƒšãƒ¼ã‚¸
12,vi,https://vi.wikipedia.org/wiki/,Trang_ChÃ­nh
13,war,https://war.wikipedia.org/wiki/,Syahan_nga_Pakli
14,zh,https://zh.wikipedia.org/wiki/,Wikipedia:é¦–é¡µ
15,ar,https://ar.wikipedia.org/wiki/,Ø§Ù„ØµÙØ­Ø©_Ø§Ù„Ø±Ø¦ÙŠØ³ÙŠØ©
16,uk,https://uk.wikipedia.org/wiki/,Ğ“Ğ¾Ğ»Ğ¾Ğ²Ğ½Ğ°_ÑÑ‚Ğ¾Ñ€Ñ–Ğ½ĞºĞ°
17,pt,https://pt.wikipedia.org/wiki/,WikipÃ©dia:PÃ¡gina_principal
18,fa,https://fa.wikipedia.org/wiki/,ØµÙØ­Ù‡Ù”_Ø§ØµÙ„ÛŒ
19,ca,https://ca.wikipedia.org/wiki/,Portada
20,sr,https://sr.wikipedia.org/wiki/,Ğ“Ğ»Ğ°Ğ²Ğ½Ğ°_ÑÑ‚Ñ€Ğ°Ğ½Ğ°
21,id,https://id.wikipedia.org/wiki/,Halaman_Utama
22,no,https://no.wikipedia.org/wiki/,Portal:Forside
23,ko,https://ko.wikipedia.org/wiki/,ìœ„í‚¤ë°±ê³¼:ëŒ€ë¬¸
24,fi,https://fi.wikipedia.org/wiki/,Wikipedia:Etusivu
25,hu,https://hu.wikipedia.org/wiki/,KezdÅ‘lap
26,cs,https://cs.wikipedia.org/wiki/,HlavnÃ­_strana
27,sh,https://sh.wikipedia.org/wiki/,Glavna_stranica
28,zh-min-nan,https://zh-min-nan.wikipedia.org/wiki/,ThÃ¢u-iaÌh
29,tr,https://tr.wikipedia.org/wiki/,Anasayfa
30,ro,https://ro.wikipedia.org/wiki/,Pagina_principalÄƒ
31,ce,https://ce.wikipedia.org/wiki/,ĞšĞ¾ÑŒÑ€Ñ‚Ğ°_Ğ°Ğ³Ó€Ğ¾
32,eu,https://eu.wikipedia.org/wiki/,Azala
33,ms,https://ms.wikipedia.org/wiki/,Laman_Utama
34,tt,https://tt.wikipedia.org/wiki/,Ğ‘Ğ°Ñˆ_Ğ±Ğ¸Ñ‚
35,eo,https://eo.wikipedia.org/wiki/,Vikipedio:ÄˆefpaÄo
36,he,https://he.wikipedia.org/wiki/,×¢××•×“_×¨××©×™
37,hy,https://hy.wikipedia.org/wiki/,Ô³Õ¬Õ­Õ¡Õ¾Õ¸Ö€_Õ§Õ»
38,bg,https://bg.wikipedia.org/wiki/,ĞĞ°Ñ‡Ğ°Ğ»Ğ½Ğ°_ÑÑ‚Ñ€Ğ°Ğ½Ğ¸Ñ†Ğ°
39,da,https://da.wikipedia.org/wiki/,Forside
40,azb,https://azb.wikipedia.org/wiki/,Ø¢Ù†Ø§_ØµÙØ­Ù‡
41,sk,https://sk.wikipedia.org/wiki/,HlavnÃ¡_strÃ¡nka
42,kk,https://kk.wikipedia.org/wiki/,Ğ‘Ğ°ÑÑ‚Ñ‹_Ğ±ĞµÑ‚
43,min,https://min.wikipedia.org/wiki/,Laman_Utamo
44,et,https://et.wikipedia.org/wiki/,Vikipeedia:Esileht
45,hr,https://hr.wikipedia.org/wiki/,Glavna_stranica
46,be,https://be.wikipedia.org/wiki/,Ğ“Ğ°Ğ»Ğ¾ÑĞ½Ğ°Ñ_ÑÑ‚Ğ°Ñ€Ğ¾Ğ½ĞºĞ°
47,lt,https://lt.wikipedia.org/wiki/,Pagrindinis_puslapis
48,el,https://el.wikipedia.org/wiki/,Î ÏÎ»Î·:ÎšÏÏÎ¹Î±
49,simple,https://simple.wikipedia.org/wiki/,Main_Page
50,az,https://az.wikipedia.org/wiki/,Ana_sÉ™hifÉ™
51,gl,https://gl.wikipedia.org/wiki/,Portada
52,sl,https://sl.wikipedia.org/wiki/,Glavna_stran
53,ur,https://ur.wikipedia.org/wiki/,ØµÙØ­Û‚_Ø§ÙˆÙ„
54,nn,https://nn.wikipedia.org/wiki/,Hovudside
55,ka,https://ka.wikipedia.org/wiki/,áƒ›áƒ—áƒáƒ•áƒáƒ áƒ˜_áƒ’áƒ•áƒ”áƒ áƒ“áƒ˜
56,hi,https://hi.wikipedia.org/wiki/,à¤®à¥à¤–à¤ªà¥ƒà¤·à¥à¤ 
57,ta,https://ta.wikipedia.org/wiki/,à®®à¯à®¤à®±à¯_à®ªà®•à¯à®•à®®à¯
58,th,https://th.wikipedia.org/wiki/,à¸«à¸™à¹‰à¸²à¸«à¸¥à¸±à¸
59,uz,https://uz.wikipedia.org/wiki/,Bosh_Sahifa
60,la,https://la.wikipedia.org/wiki/,Vicipaedia:Pagina_prima
61,cy,https://cy.wikipedia.org/wiki/,Hafan
62,ast,https://ast.wikipedia.org/wiki/,Portada
63,vo,https://vo.wikipedia.org/wiki/,Cifapad
64,zh-yue,https://zh-yue.wikipedia.org/wiki/,é ­ç‰ˆ
65,mk,https://mk.wikipedia.org/wiki/,Ğ“Ğ»Ğ°Ğ²Ğ½Ğ°_ÑÑ‚Ñ€Ğ°Ğ½Ğ¸Ñ†Ğ°
66,bn,https://bn.wikipedia.org/wiki/,à¦ªà§à¦°à¦§à¦¾à¦¨_à¦ªà¦¾à¦¤à¦¾
67,lv,https://lv.wikipedia.org/wiki/,SÄkumlapa
68,tg,https://tg.wikipedia.org/wiki/,Ğ¡Ğ°Ò³Ğ¸Ñ„Ğ°Ğ¸_Ğ°ÑĞ»Ó£
69,my,https://my.wikipedia.org/wiki/,á€—á€Ÿá€­á€¯á€…á€¬á€™á€»á€€á€ºá€”á€¾á€¬
70,af,https://af.wikipedia.org/wiki/,Tuisblad
71,mg,https://mg.wikipedia.org/wiki/,Wikipedia:Fandraisana
72,bs,https://bs.wikipedia.org/wiki/,PoÄetna_strana
73,oc,https://oc.wikipedia.org/wiki/,AcuÃ¨lh
74,sq,https://sq.wikipedia.org/wiki/,Faqja_kryesore
75,nds,https://nds.wikipedia.org/wiki/,Wikipedia:HÃ¶Ã¶ftsiet
76,ky,https://ky.wikipedia.org/wiki/,Ğ‘Ğ°ÑˆĞ±Ğ°Ñ€Ğ°Ğº
77,mr,https://mr.wikipedia.org/wiki/,à¤®à¥à¤–à¤ªà¥ƒà¤·à¥à¤ 
78,be-tarask,https://be-tarask.wikipedia.org/wiki/,Ğ“Ğ°Ğ»Ğ¾ÑĞ½Ğ°Ñ_ÑÑ‚Ğ°Ñ€Ğ¾Ğ½ĞºĞ°
79,ml,https://ml.wikipedia.org/wiki/,à´ªàµà´°à´§à´¾à´¨_à´¤à´¾àµ¾
80,new,https://new.wikipedia.org/wiki/,à¤®à¥‚_à¤ªà¥Œ
81,te,https://te.wikipedia.org/wiki/,à°®à±Šà°¦à°Ÿà°¿_à°ªà±‡à°œà±€
82,br,https://br.wikipedia.org/wiki/,Degemer
83,vec,https://vec.wikipedia.org/wiki/,Wikipedia:Prinsipio
84,sw,https://sw.wikipedia.org/wiki/,Mwanzo
85,pms,https://pms.wikipedia.org/wiki/,Intrada
86,jv,https://jv.wikipedia.org/wiki/,Wikipedia:Pendhapa
87,pnb,https://pnb.wikipedia.org/wiki/,Ù¾ÛÙ„Ø§_ØµÙÛ
88,ht,https://ht.wikipedia.org/wiki/,Paj_Prensipal
89,su,https://su.wikipedia.org/wiki/,Tepas
90,lb,https://lb.wikipedia.org/wiki/,HaaptsÃ¤it
91,ba,https://ba.wikipedia.org/wiki/,Ğ‘Ğ°Ñˆ_Ğ±Ğ¸Ñ‚
92,ga,https://ga.wikipedia.org/wiki/,PrÃ­omhleathanach
93,szl,https://szl.wikipedia.org/wiki/,PrzodniÅ_zajta
94,is,https://is.wikipedia.org/wiki/,ForsÃ­Ã°a
95,ku,https://ku.wikipedia.org/wiki/,DestpÃªk
96,lmo,https://lmo.wikipedia.org/wiki/,Pagina_principala
97,cv,https://cv.wikipedia.org/wiki/,Ğ¢Ä•Ğ¿_ÑÑ‚Ñ€Ğ°Ğ½Ğ¸Ñ†Ğ°
98,fy,https://fy.wikipedia.org/wiki/,Haadside
99,tl,https://tl.wikipedia.org/wiki/,Unang_Pahina
100,wuu,https://wuu.wikipedia.org/wiki/,å°é¢
101,sco,https://sco.wikipedia.org/wiki/,Main_Page
102,an,https://an.wikipedia.org/wiki/,Portalada
103,diq,https://diq.wikipedia.org/wiki/,Pela_Seri
104,pa,https://pa.wikipedia.org/wiki/,à¨®à©à©±à¨–_à¨¸à¨«à¨¼à¨¾
105,ckb,https://ckb.wikipedia.org/wiki/,Ø¯Û•Ø³ØªÙ¾ÛÚ©
106,yo,https://yo.wikipedia.org/wiki/,OjÃºewÃ©_Ã€ká»Ìká»Ì
107,ne,https://ne.wikipedia.org/wiki/,à¤®à¥à¤–à¥à¤¯_à¤ªà¥ƒà¤·à¥à¤ 
108,bar,https://bar.wikipedia.org/wiki/,Wikipedia:Hoamseitn
109,io,https://io.wikipedia.org/wiki/,Frontispico
110,gu,https://gu.wikipedia.org/wiki/,àª®à«àª–àªªà«ƒàª·à«àª 
111,als,https://als.wikipedia.org/wiki/,Wikipedia:Houptsyte
112,kn,https://kn.wikipedia.org/wiki/,à²®à³à²–à³à²¯_à²ªà³à²Ÿ
113,scn,https://scn.wikipedia.org/wiki/,PÃ ggina_principali
114,bpy,https://bpy.wikipedia.org/wiki/,à¦ªà¦¯à¦¼à¦²à¦¾_à¦ªà¦¾à¦¤à¦¾
115,ia,https://ia.wikipedia.org/wiki/,Pagina_principal
116,qu,https://qu.wikipedia.org/wiki/,Qhapaq_p'anqa
117,mn,https://mn.wikipedia.org/wiki/,ĞÒ¯Ò¯Ñ€_Ñ…ÑƒÑƒĞ´Ğ°Ñ
118,si,https://si.wikipedia.org/wiki/,à¶¸à·”à¶½à·Š_à¶´à·’à¶§à·”à·€
119,bat-smg,https://bat-smg.wikipedia.org/wiki/,PÄ—rms_poslapis
120,nv,https://nv.wikipedia.org/wiki/,ÃiyisÃ­Ã­_Naaltsoos
121,xmf,https://xmf.wikipedia.org/wiki/,áƒ“áƒ£áƒ“áƒ®áƒáƒ¡áƒ·áƒšáƒ
122,or,https://or.wikipedia.org/wiki/,à¬ªà­à¬°à¬§à¬¾à¬¨_à¬ªà­ƒà¬·à­à¬ à¬¾
123,avk,https://avk.wikipedia.org/wiki/,Xadola
124,cdo,https://cdo.wikipedia.org/wiki/,TÃ u_HiÄ•k
125,gd,https://gd.wikipedia.org/wiki/,PrÃ¬omh-Dhuilleag
126,ilo,https://ilo.wikipedia.org/wiki/,Umuna_a_Panid
127,yi,https://yi.wikipedia.org/wiki/,×”×•×™×¤×˜_×–×™×™×˜
128,am,https://am.wikipedia.org/wiki/,á‹‹áŠ“á‹_áŒˆáŒ½
129,nap,https://nap.wikipedia.org/wiki/,Paggena_prencepale
130,sd,https://sd.wikipedia.org/wiki/,Ù…ÙÚ©_ØµÙØ­Ùˆ
131,bug,https://bug.wikipedia.org/wiki/,MappadecÃ©Å‹
132,frr,https://frr.wikipedia.org/wiki/,Wikipedia:Hoodsid
133,os,https://os.wikipedia.org/wiki/,Ğ¡Ã¦Ğ¹Ñ€Ğ°Ğ³_Ñ„Ğ°Ñ€Ñ
134,hsb,https://hsb.wikipedia.org/wiki/,HÅ‚owna_strona
135,mai,https://mai.wikipedia.org/wiki/,à¤¸à¤®à¥à¤®à¥à¤–_à¤ªà¤¨à¥à¤¨à¤¾
136,fo,https://fo.wikipedia.org/wiki/,ForsÃ­Ã°a
137,map-bms,https://map-bms.wikipedia.org/wiki/,Kaca_Utama
138,li,https://li.wikipedia.org/wiki/,Veurblaad
139,mzn,https://mzn.wikipedia.org/wiki/,Ú¯Øª_ØµÙØ­Ù‡
140,sah,https://sah.wikipedia.org/wiki/,Ğ¡Ò¯Ñ€Ò¯Ğ½_ÑĞ¸Ñ€ÑĞ¹
141,eml,https://eml.wikipedia.org/wiki/,PP
142,ace,https://ace.wikipedia.org/wiki/,Ã”n_KeuÃ«
143,ps,https://ps.wikipedia.org/wiki/,Ù„ÙˆÙ…Ú“ÛŒ_Ù…Ø®
144,gor,https://gor.wikipedia.org/wiki/,Halaman_Bungaliyo
145,sa,https://sa.wikipedia.org/wiki/,à¤®à¥à¤–à¥à¤¯à¤ªà¥ƒà¤·à¥à¤ à¤®à¥
146,ha,https://ha.wikipedia.org/wiki/,Babban_shafi
147,bcl,https://bcl.wikipedia.org/wiki/,Panginot_na_Pahina
148,wa,https://wa.wikipedia.org/wiki/,Mwaisse_pÃ¥dje
149,crh,https://crh.wikipedia.org/wiki/,BaÅŸ_Saife
150,zh-classical,https://zh-classical.wikipedia.org/wiki/,ç¶­åŸºå¤§å…¸:å·é¦–
151,lij,https://lij.wikipedia.org/wiki/,Pagina_prinÃ§ipÃ¢
152,mrj,https://mrj.wikipedia.org/wiki/,Ğ¢Ó¹Ğ½Ğ³_Ó¹Ğ»Ó¹ÑˆÑ‚Ó“Ñˆ
153,mhr,https://mhr.wikipedia.org/wiki/,Ğ¢Ó±Ò¥_Ğ»Ğ°ÑˆÑ‚Ñ‹Ğº
154,hif,https://hif.wikipedia.org/wiki/,Pahila_Panna
155,zu,https://zu.wikipedia.org/wiki/,Ikhasi_Elikhulu
156,shn,https://shn.wikipedia.org/wiki/,á¼á‚ƒá‚ˆá‚á€°á€á€ºá‚á‚…áµá€ºá‚ˆ
157,hak,https://hak.wikipedia.org/wiki/,ThÃ¨u-YaÌp
158,roa-tara,https://roa-tara.wikipedia.org/wiki/,Pagene_PrengepÃ¡le
159,ban,https://ban.wikipedia.org/wiki/,Kaca_Utama
160,as,https://as.wikipedia.org/wiki/,à¦¬à§‡à¦Ÿà§à¦ªà¦¾à¦¤
161,hyw,https://hyw.wikipedia.org/wiki/,Ô³Õ¬Õ­Õ¡Ö‚Õ¸Ö€_Ô·Õ»
162,pam,https://pam.wikipedia.org/wiki/,Pun_Bulung
163,nso,https://nso.wikipedia.org/wiki/,Letlakala_la_pele
164,ie,https://ie.wikipedia.org/wiki/,Principal_pÃ¡gine
165,km,https://km.wikipedia.org/wiki/,á‘áŸ†á–áŸášáŠá¾á˜
166,rue,https://rue.wikipedia.org/wiki/,Ğ“Ğ¾Ğ»Ğ¾Ğ²Ğ½Ğ°_ÑÑ‚Ğ¾Ñ€Ñ–Ğ½ĞºĞ°
167,se,https://se.wikipedia.org/wiki/,PortÃ¡la:Ovdasiidu
168,bh,https://bh.wikipedia.org/wiki/,à¤®à¥à¤–à¥à¤¯_à¤ªà¤¨à¥à¤¨à¤¾
169,vls,https://vls.wikipedia.org/wiki/,Voorblad
170,nds-nl,https://nds-nl.wikipedia.org/wiki/,VÃ¶Ã¤rblad
171,sn,https://sn.wikipedia.org/wiki/,Peji_Rekutanga
172,mi,https://mi.wikipedia.org/wiki/,Hau_KÄinga
173,sc,https://sc.wikipedia.org/wiki/,PÃ gina_printzipale
174,nah,https://nah.wikipedia.org/wiki/,CalÄ«xatl
175,vep,https://vep.wikipedia.org/wiki/,PÃ¤lehtpolâ€™
176,myv,https://myv.wikipedia.org/wiki/,ĞŸÑ€ÑĞ²Ñ‚Ğ»Ğ¾Ğ¿Ğ°
177,gan,https://gan.wikipedia.org/wiki/,å°é¢
178,sat,https://sat.wikipedia.org/wiki/,á±¢á±©á±¬á±©á±›_á±¥á±Ÿá±¦á±´á±Ÿ
179,so,https://so.wikipedia.org/wiki/,Bogga_Hore
180,glk,https://glk.wikipedia.org/wiki/,Ú¯ØªË‡_ÙˆÙ„Ú¯
181,kab,https://kab.wikipedia.org/wiki/,Asebter_agejdan
182,co,https://co.wikipedia.org/wiki/,Pagina_maestra
183,tk,https://tk.wikipedia.org/wiki/,BaÅŸ_Sahypa
184,bo,https://bo.wikipedia.org/wiki/,à½‚à½™à½¼à¼‹à½„à½¼à½¦à¼
185,fiu-vro,https://fiu-vro.wikipedia.org/wiki/,Wikipedia:PÃ¤Ã¤leht
186,ab,https://ab.wikipedia.org/wiki/,Ğ˜Ñ…Ğ°Ğ´Ğ¾Ñƒ_Ğ°Ğ´Ğ°ÒŸÑŒĞ°
187,kv,https://kv.wikipedia.org/wiki/,ĞœĞµĞ´ÑˆÓ§Ñ€_Ğ»Ğ¸ÑÑ‚_Ğ±Ğ¾Ğº
188,csb,https://csb.wikipedia.org/wiki/,PrzÃ©dnÃ´_starna
189,pcd,https://pcd.wikipedia.org/wiki/,Accueul
190,frp,https://frp.wikipedia.org/wiki/,VouiquipÃ¨dia:ReÃ§ua_principÃ¢la
191,udm,https://udm.wikipedia.org/wiki/,ĞšÑƒÑ‚ÑĞºĞ¾Ğ½_Ğ±Ğ°Ğ¼
192,ug,https://ug.wikipedia.org/wiki/,Ø¨Ø§Ø´Ø¨Û•Øª
193,gv,https://gv.wikipedia.org/wiki/,Ard-ghuillag
194,ay,https://ay.wikipedia.org/wiki/,Nayriri_uÃ±stawi
195,mni,https://mni.wikipedia.org/wiki/,ê¯ƒê¯”ê¯¨ê¯‘ê¯£ê¯ê¯•_ê¯‚ê¯ƒê¯¥ê¯
196,zea,https://zea.wikipedia.org/wiki/,VÃ²blad
197,kw,https://kw.wikipedia.org/wiki/,Folen_dre
198,nrm,https://nrm.wikipedia.org/wiki/,Page_dÃ©_garde
199,ary,https://ary.wikipedia.org/wiki/,Ø§Ù„ØµÙØ­Ø©_Ø§Ù„Ù„Ù‘ÙˆÙ„Ø§
200,lez,https://lez.wikipedia.org/wiki/,ĞšÑŒĞ¸Ğ»Ğ¸Ğ½_Ñ‡Ñ‡Ğ¸Ğ½
201,mt,https://mt.wikipedia.org/wiki/,Il-PaÄ¡na_prinÄ‹ipali
202,gn,https://gn.wikipedia.org/wiki/,Ape
203,lfn,https://lfn.wikipedia.org/wiki/,Paje_xef
204,stq,https://stq.wikipedia.org/wiki/,Haudsiede
205,mwl,https://mwl.wikipedia.org/wiki/,BiquipÃ©dia:PÃ¡igina_percipal
206,lo,https://lo.wikipedia.org/wiki/,à»œà»‰àº²àº«àº¼àº±àº
207,bjn,https://bjn.wikipedia.org/wiki/,Tungkaran_Tatambaian
208,rm,https://rm.wikipedia.org/wiki/,Wikipedia:Pagina_principala
209,skr,https://skr.wikipedia.org/wiki/,Ù¾ÛÙ„Ø§_Ù¾Ø±Øª
210,olo,https://olo.wikipedia.org/wiki/,PiÃ¤sivu
211,lad,https://lad.wikipedia.org/wiki/,La_Primera_Hoja
212,gom,https://gom.wikipedia.org/wiki/,à¤®à¥à¤–à¥‡à¤²_à¤ªà¤¾à¤¨
213,fur,https://fur.wikipedia.org/wiki/,Pagjine_principÃ¢l
214,koi,https://koi.wikipedia.org/wiki/,ĞŸĞ¾Ğ½Ğ´Ó§Ñ‚Ñ‡Ğ°Ğ½_Ğ»Ğ¸ÑÑ‚Ğ±Ğ¾Ğº
215,ang,https://ang.wikipedia.org/wiki/,Heafodtramet
216,dsb,https://dsb.wikipedia.org/wiki/,GÅ‚owny_bok
217,dty,https://dty.wikipedia.org/wiki/,à¤®à¥à¤–à¥à¤¯_à¤ªà¤¨à¥à¤¨à¤¾
218,ext,https://ext.wikipedia.org/wiki/,PÃ¡gina_prencipal
219,tyv,https://tyv.wikipedia.org/wiki/,ĞšĞ¾Ğ»_Ğ°Ñ€Ñ‹Ğ½
220,ln,https://ln.wikipedia.org/wiki/,LokÃ¡sÃ¡_ya_libosÃ³
221,smn,https://smn.wikipedia.org/wiki/,OvdÃ¢sijÄ‘o
222,cbk-zam,https://cbk-zam.wikipedia.org/wiki/,El_Primero_Pagina
223,dv,https://dv.wikipedia.org/wiki/,Ş‰Ş¦Ş‡Ş¨_ŞŞ¦ŞŠŞ°Ş™Ş§
224,ksh,https://ksh.wikipedia.org/wiki/,Wikipedia:Houpsigk
225,gag,https://gag.wikipedia.org/wiki/,BaÅŸ_yaprak
226,pfl,https://pfl.wikipedia.org/wiki/,Wikipedia:Haubdsaid
227,bxr,https://bxr.wikipedia.org/wiki/,ĞÑÑƒÑ€_Ñ…ÑƒÑƒĞ´Ğ°Ò»Ğ°Ğ½
228,pi,https://pi.wikipedia.org/wiki/,à¤®à¥à¤–à¤¿à¤¯_à¤ªà¤°à¥à¤¶à¥à¤¹à¤ 
229,pag,https://pag.wikipedia.org/wiki/,Arapan_ya_Bolong
230,av,https://av.wikipedia.org/wiki/,Ğ‘ĞµÑ‚Ó€ĞµÑ€Ğ°Ğ±_Ğ³ÑŒÑƒĞ¼ĞµÑ€
231,awa,https://awa.wikipedia.org/wiki/,à¤ªà¥à¤°à¤§à¤¾à¤¨_à¤ªà¤¨à¥à¤¨à¤¾
232,tay,https://tay.wikipedia.org/wiki/,Tâ€™ringan_na_zzngayan
233,haw,https://haw.wikipedia.org/wiki/,Ka_papa_kinohi
234,ig,https://ig.wikipedia.org/wiki/,Ihu_mÌ€bá»¥
235,pap,https://pap.wikipedia.org/wiki/,PÃ¡gina_Prinsipal
236,rw,https://rw.wikipedia.org/wiki/,Intangiriro
237,xal,https://xal.wikipedia.org/wiki/,ĞÒ¯Ñ€_Ñ…Ğ°Ğ»Ñ…
238,krc,https://krc.wikipedia.org/wiki/,Ğ‘Ğ°Ñˆ_Ğ±ĞµÑ‚
239,szy,https://szy.wikipedia.org/wiki/,saayaway_a_belih
240,za,https://za.wikipedia.org/wiki/,Yiebdaeuz
241,pdc,https://pdc.wikipedia.org/wiki/,Haaptblatt
242,kaa,https://kaa.wikipedia.org/wiki/,Bas_bet
243,inh,https://inh.wikipedia.org/wiki/,ĞšĞµÑ€Ñ‚Ñ‚ĞµÑ€Ğ°_Ğ¾Ğ°Ğ³Ó€ÑƒĞ²
244,arc,https://arc.wikipedia.org/wiki/,Ü¦ÜÜ¬Ü_ÜªÜÜ«ÜÜ¬Ü
245,to,https://to.wikipedia.org/wiki/,Peesi_tali_fiefia
246,kbp,https://kbp.wikipedia.org/wiki/,TalÉ©_É–eu
247,jam,https://jam.wikipedia.org/wiki/,Mien_Piej
248,wo,https://wo.wikipedia.org/wiki/,XÃ«t_wu_njÃ«kk
249,tpi,https://tpi.wikipedia.org/wiki/,Fran_pes
250,na,https://na.wikipedia.org/wiki/,Bwiema_peij
251,kbd,https://kbd.wikipedia.org/wiki/,ĞĞ°Ğ¿ÑĞºÓ€ÑƒÑÑ†Ó€_Ğ½ÑÑ…ÑŠÑ‹Ñ‰Ñ…ÑŒÑ
252,atj,https://atj.wikipedia.org/wiki/,Otitikowin
253,nov,https://nov.wikipedia.org/wiki/,Chefi_pagine
254,ki,https://ki.wikipedia.org/wiki/,Main_Page
255,tet,https://tet.wikipedia.org/wiki/,PÃ¡jina_Mahuluk
256,tcy,https://tcy.wikipedia.org/wiki/,à²®à³à²–à³à²¯_à²ªà³à²Ÿ
257,ak,https://ak.wikipedia.org/wiki/,Krataafa_Titiriw
258,lld,https://lld.wikipedia.org/wiki/,Plata_prinzipala
259,lg,https://lg.wikipedia.org/wiki/,Olupapula_Olusooka
260,mdf,https://mdf.wikipedia.org/wiki/,ĞŸÑ€Ñ_Ğ»Ğ¾Ğ¿Ğ°
261,jbo,https://jbo.wikipedia.org/wiki/,uikipedi'as:ralju
262,bi,https://bi.wikipedia.org/wiki/,Nambawan_Pej
263,roa-rup,https://roa-rup.wikipedia.org/wiki/,Prota_frÃ£ndzÃ£
264,lbe,https://lbe.wikipedia.org/wiki/,ĞĞ³ÑŒĞ°Ğ¼Ğ¼ÑƒÑ€_Ğ»Ğ°Ğ¶Ğ¸Ğ½
265,kg,https://kg.wikipedia.org/wiki/,MukÃ¢nda_ya_ngudi
266,ty,https://ty.wikipedia.org/wiki/,Faâ€™ariâ€™iraâ€™a
267,xh,https://xh.wikipedia.org/wiki/,Iphepha_Elingundoqo
268,fj,https://fj.wikipedia.org/wiki/,Tabana_levu
269,srn,https://srn.wikipedia.org/wiki/,Fesipapira
270,om,https://om.wikipedia.org/wiki/,Fuula_Dura
271,trv,https://trv.wikipedia.org/wiki/,Ruwahan_patas
272,gcr,https://gcr.wikipedia.org/wiki/,Paj_Prensipal
273,shi,https://shi.wikipedia.org/wiki/,Tasna_Tamzwarut
274,sm,https://sm.wikipedia.org/wiki/,ItÅ«lau_Muamua
275,ltg,https://ltg.wikipedia.org/wiki/,Suoku_puslopa
276,nqo,https://nqo.wikipedia.org/wiki/,ß“ßß¬ßŸßß²ß¬ß˜ßŠ
277,chr,https://chr.wikipedia.org/wiki/,á¤áµá®áµáá—
278,nia,https://nia.wikipedia.org/wiki/,Olayama
279,tw,https://tw.wikipedia.org/wiki/,Krataa_Fuforo
280,mnw,https://mnw.wikipedia.org/wiki/,á€™á€¯á€€á€ºá€œá€­á€€á€ºá€á€™á€º
281,pih,https://pih.wikipedia.org/wiki/,Mien_Paij
282,got,https://got.wikipedia.org/wiki/,ğŒ°ğŒ½ğŒ°ğƒğ„ğ‰ğŒ³ğŒ´ğŒ¹ğŒ½ğŒ¹ğŒ»ğŒ°ğŒ¿ğ†ğƒ
283,st,https://st.wikipedia.org/wiki/,Leqephe_la_pele
284,kl,https://kl.wikipedia.org/wiki/,Saqqaa
285,mad,https://mad.wikipedia.org/wiki/,TanÃ¨yan
286,ks,https://ks.wikipedia.org/wiki/,Ø§ÙÛÙÙ…_ØµÙÙÛÙ•
287,cu,https://cu.wikipedia.org/wiki/,Ğ“Ğ»Ğ°Ğ²ÑŒĞ½Ğ°_ÑÑ‚Ñ€Ğ°Ğ½Ğ¸Ñ†Ğ°
288,ny,https://ny.wikipedia.org/wiki/,Tsamba_Lalikulu
289,tn,https://tn.wikipedia.org/wiki/,Main_Page
290,bm,https://bm.wikipedia.org/wiki/,NyÉ›_fÉ”lÉ”
291,ts,https://ts.wikipedia.org/wiki/,Tlukankulu
292,rmy,https://rmy.wikipedia.org/wiki/,Sherutni_patrin
293,ve,https://ve.wikipedia.org/wiki/,Hayani
294,chy,https://chy.wikipedia.org/wiki/,Va'ohtama
295,rn,https://rn.wikipedia.org/wiki/,Main_Page
296,tum,https://tum.wikipedia.org/wiki/,Main_Page
297,iu,https://iu.wikipedia.org/wiki/,áŠá’¥á–…
298,dag,https://dag.wikipedia.org/wiki/,SolÉ”É£u
299,ss,https://ss.wikipedia.org/wiki/,Likhasi_Lelikhulu
300,ch,https://ch.wikipedia.org/wiki/,Fanhaluman
301,alt,https://alt.wikipedia.org/wiki/,Ğ¢Ó§Ñ_Ğ±Ó±Ğº
302,pnt,https://pnt.wikipedia.org/wiki/,Î‘ÏÏ‡Î¹ÎºÏŒÎ½_ÏƒÎµÎ»Î¯Î´Î±
303,ady,https://ady.wikipedia.org/wiki/,ĞÑĞºÓ€ÑƒĞ±Ğ³ÑŠĞ¾_ÑˆÑŠÑ…ÑŒĞ°Ó€
304,ee,https://ee.wikipedia.org/wiki/,Axa_do_ÅŠgÉ”
305,ff,https://ff.wikipedia.org/wiki/,Hello_jaÉ“É“orgo
306,ik,https://ik.wikipedia.org/wiki/,AimaaÄ¡vik
307,din,https://din.wikipedia.org/wiki/,Apam_kÃ«dÃ¯t
308,sg,https://sg.wikipedia.org/wiki/,GÃ¤_nzÃ¶nÃ®
309,dz,https://dz.wikipedia.org/wiki/,à½˜à¼‹à½¤à½¼à½‚à¼
310,ti,https://ti.wikipedia.org/wiki/,áˆ˜á‰ áŒˆáˆ²_áŒˆáŒ½
311,cr,https://cr.wikipedia.org/wiki/,á“ƒá”¥á‘•á’»á¹á”…á‘Œá’‹á“‚á‘²á“
312,ng,https://ng.wikipedia.org/wiki/,Hambili_Tarkerazu
313,cho,https://cho.wikipedia.org/wiki/,Main_Page
314,kj,https://kj.wikipedia.org/wiki/,Main_Page
315,mh,https://mh.wikipedia.org/wiki/,Main_Page
316,ho,https://ho.wikipedia.org/wiki/,Main_Page
317,ii,https://ii.wikipedia.org/wiki/,ê€¨ê¾êŒ 
318,lrc,https://lrc.wikipedia.org/wiki/,Ø³Ø±Ø¢Ø³ÙˆÙ†Ù±
319,aa,https://aa.wikipedia.org/wiki/,Main_Page
320,mus,https://mus.wikipedia.org/wiki/,Main_Page
321,hz,https://hz.wikipedia.org/wiki/,Main_Page
322,kr,https://kr.wikipedia.org/wiki/,Main_Page
